"","CA01","CA02","CA03","CA04","CA05","CA06","CA08","CA12","CA13","CA14","CA15","CA16","CA17","CA18","CA19","CA20","CA21","CA22","CA23","CA24","CA25","CA26","CA27","CA28","CA29","CA30","CA31","CA32","CA33","CA34","CA35","CA36","CA37","CA38","CA39","CA40","CA41","FeatureID"
"[Ruminococcus] torques",12310091,3231,1276794,626444,527862,707586,342055,7568190,673754,658216,2255299,345734,695553,243687,2637691,257114,0,1553617,2811,1559372,1343422,0,61447,440720,0,311072,0,1215383,56955,0,353491,1595,7205762,2009738,482130,6287987,765969,"[Ruminococcus] torques"
"[Ruminococcus] gnavus",9008832,86217,5224,1072,3964,499838,634487,606872,0,0,90644,34884,0,0,242081,93394,6536303,4420453,230283,259834,0,786097,81903,35247,114041,49108,12825455,58785,9614,276191,0,417015,797088,95492,0,43327,0,"[Ruminococcus] gnavus"
"Blautia sp. CAG:257",5411129,229515,0,0,17864,895905,10378,67505,0,0,137608,0,0,0,1822272,205,2111905,1458190,44220,1544156,0,4309377,0,9749,1492,0,1527093,37485,0,46652,0,168240,4600156,218777,0,36868,0,"Blautia sp. CAG:257"
"Anaerostipes hadrus",3503867,3594526,135537,762808,149190,254987,385013,3488435,323225,275863,1711638,19016,24123,38734,2761497,254691,2923435,2967528,1089807,1233,234667,0,541681,422770,0,88156,0,72454,96983,2315688,355246,0,0,0,84967,268416,9878,"Anaerostipes hadrus"
"Blautia hansenii",2743724,29733,0,0,0,0,5262,0,0,0,0,0,0,0,1102,141,528206,1954333,0,0,0,0,0,0,0,0,2630162,0,0,0,0,0,46522,0,0,0,0,"Blautia hansenii"
"Bifidobacterium longum",1310240,593086,140289,248821,267729,751228,120554,468975,655491,490294,60074,343792,208924,0,2803039,107201,1298565,1078352,3695,15012,178375,208607,276030,391989,2068970,179984,0,263959,153855,293733,908563,0,0,0,1321172,205735,393735,"Bifidobacterium longum"
"Collinsella aerofaciens",965474,0,1373468,278399,818274,1050927,0,1881332,0,0,401107,3380007,611144,2116623,1219947,289690,32811,2525591,1447000,1063,634523,821485,860383,5773977,563,1491033,0,1681272,1077884,2046147,2991658,1263052,1239,492658,1016860,2068470,3573393,"Collinsella aerofaciens"
"Catenibacterium mitsuokai",892402,358778,0,0,0,0,0,499337,0,0,0,0,796005,2011616,0,0,0,0,0,0,122313,186812,76555,0,0,0,0,0,141685,0,0,0,0,0,76826,0,0,"Catenibacterium mitsuokai"
"Coprococcus comes",811995,859636,410557,178789,0,0,0,394024,564827,473044,342957,217346,336054,810754,0,589216,0,0,579002,423006,1098333,87245,203138,1290878,3303042,726956,0,716009,50638,705731,0,0,0,0,302200,1480513,703043,"Coprococcus comes"
"Erysipelatoclostridium ramosum",616376,27647,0,0,48511,105425,27129,5229,706,1544,0,0,0,0,394586,0,557234,332171,529710,164302,0,0,0,5334,21713,0,205614,0,0,7233,0,47922,166907,28592,0,14780,0,"Erysipelatoclostridium ramosum"
"Lactococcus lactis",610784,38308,0,0,9796,7745,3353,2041,0,0,17010,0,5815,0,1622,2525,52592,25845,0,0,0,0,0,0,0,0,0,0,0,43210,0,8880,14453,57947,0,0,0,"Lactococcus lactis"
"Tyzzerella nexilis",447242,0,3013,0,0,0,0,0,0,0,0,0,0,0,0,0,179879,7924,0,0,0,0,0,0,0,1036,0,0,0,0,0,0,0,0,0,0,0,"Tyzzerella nexilis"
"Lachnospiraceae bacterium 2_1_46FAA",424760,0,0,0,0,0,0,0,0,0,0,0,0,0,0,0,0,0,0,0,0,0,0,0,0,0,0,0,0,0,0,0,0,0,0,0,0,"Lachnospiraceae bacterium 2_1_46FAA"
"Holdemanella biformis",386859,0,675435,0,0,0,0,191705,85180,82911,0,0,204954,0,0,1132828,0,0,0,836706,0,130689,2219,0,0,10775,0,0,0,0,0,542818,0,0,74236,272858,21806,"Holdemanella biformis"
"Bifidobacterium pseudocatenulatum",262264,69563,8248,87994,1442779,2487803,10694,23731,0,0,0,3085,7781,0,0,0,0,49086,0,891698,0,137675,244376,693713,0,114631,0,179671,0,67821,0,15675,0,259284,0,20892,0,"Bifidobacterium pseudocatenulatum"
"Streptococcus thermophilus",253962,26093,0,0,14646,0,1981,0,0,0,2679,0,55017,0,54510,2615,15838,56917,0,0,2669,4980,0,3250,0,0,17860,17369,0,3740,0,0,221796,2518,0,6676,0,"Streptococcus thermophilus"
"Anaerobutyricum hallii",236978,2077356,17955,257530,217369,1983199,90861,372335,46235,31632,93923,42867,821859,458245,181413,94213,0,683833,181072,18767,520336,0,95113,1177875,23177,142875,0,381153,529507,1635896,93278,45258,0,0,442471,1173096,68274,"Anaerobutyricum hallii"
"Fusicatenibacter saccharivorans",159366,1177293,144888,485159,855243,53850,78009,657202,218239,307913,135304,641898,1074530,153413,0,396520,0,182282,794015,1577478,524566,0,143083,516474,96100,273557,0,588672,47917,1648372,996186,606286,6966300,970928,568828,669216,352829,"Fusicatenibacter saccharivorans"
"Amedibacillus dolichus",154624,25905,0,0,0,99193,0,0,0,0,123732,0,0,0,49473,2184,514372,172536,0,0,0,0,0,8982,0,9557,0,43442,0,105772,0,63098,485120,1119,0,13278,0,"Amedibacillus dolichus"
"Dorea formicigenerans",152842,475100,522097,54945,0,0,0,463370,42371,37721,0,60833,239626,101883,0,74621,0,0,287128,43958,469066,0,53144,364276,14426,179984,0,281676,30022,391604,143990,1178424,0,0,235626,1094170,190268,"Dorea formicigenerans"
"Eubacterium dolichum CAG:375",152170,25790,0,0,0,96981,0,0,0,0,125886,0,0,0,51667,6471,513493,180873,0,0,0,0,0,9546,0,11702,0,52100,0,99231,0,71854,484559,2020,0,15412,0,"Eubacterium dolichum CAG:375"
"Agathobaculum butyriciproducens",150452,154819,9757,93241,33756,0,114208,160933,132076,122406,68035,329041,105453,13056,344003,30081,0,201393,449569,2072,334040,59227,243853,350469,3716,154605,236194,11226,30344,369346,151737,137143,0,75285,113781,437094,673369,"Agathobaculum butyriciproducens"
"[Eubacterium] rectale",138552,4932576,1244423,11476,112509,614457,31567,3108393,118840,134291,2684479,33596,1070211,539495,1506,114764,2515,9256567,2989,245751,6797439,1806,4823344,4800785,1347102,392622,746,5679807,19283,3592803,4931938,1661088,5334,165684,8881290,14822337,1447765,"[Eubacterium] rectale"
"Dorea sp. CAG:317",113029,3998,0,0,17342,115688,0,3787,0,0,0,1035,0,0,314402,0,0,67581,0,1030,0,14728,0,2108,0,0,0,17394,4709,0,0,0,671721,113904,0,10259,0,"Dorea sp. CAG:317"
"Escherichia coli",96082,23846,41782,0,0,102857,4452,712818,0,0,4318,145921,16670,0,833322,2177701,345060,341226,0,341424,8541,8132,186909,0,0,10795,991686,11202,980,2741,31294,6033,275163,5881,0,0,0,"Escherichia coli"
"Collinsella intestinalis",92624,0,2146,853,1548,2815,0,6680,49247,32169,10474,709986,4319,5550,6828,82082,49883,6914,2460,0,25690,316187,25552,8173,0,19256,0,344,1906,1266,3967,1998,0,0,1654,21319,18647,"Collinsella intestinalis"
"Eggerthella lenta",88477,231312,0,0,137784,60275,16908,3573,1090,983,6708,243,0,0,59388,0,342937,50902,121394,199925,0,103244,1553,15185,216498,1177,0,26950,0,46554,35622,14665,984940,29513,8037,0,0,"Eggerthella lenta"
"Streptococcus salivarius",55514,97412,40092,16420,900158,32849,18262,56738,0,0,2491,694,12296,16549,30534,1469311,282473,123798,9212249,38958,6036621,2828126,375348,13031,83976,20928,95758,14231,20616,91487,73553,3843791,4760,42313,118657,52548,6899,"Streptococcus salivarius"
"Dorea longicatena",49918,2233931,1250525,225020,40735,0,152168,1767389,1673273,1376786,322995,246288,1634364,368024,0,713040,0,1650718,1015324,2292556,885713,553370,508653,1896633,846555,904888,0,1418409,32010,1000409,563119,521218,0,0,720004,546189,874818,"Dorea longicatena"
"Streptococcus mitis",40780,14288,5186,0,0,3985,0,12160,0,0,0,0,0,0,0,7000,4312,3731,50865,0,29361,0,1971,0,0,0,12585,35026,0,1003,1031,2245,0,4696,0,0,0,"Streptococcus mitis"
"Gordonibacter pamelaeae",30624,136111,0,2171,55589,24346,2059,181,560,0,1055,11296,0,303,50912,12498,47723,20933,24222,27234,0,20551,1153,16928,85482,266,0,10883,8344,9573,9441,1150,185873,3017,18616,1575,2684,"Gordonibacter pamelaeae"
"Blautia wexlerae",27554,55679,25649,95035,78726,759,23332,140671,45568,33641,362694,89966,65430,61337,3234,89832,7979671,3638570,1137882,39913,343082,3817,138553,136403,19095,172950,0,312197,11880,1507016,182819,1956168,6603327,2713186,401098,117795,4889,"Blautia wexlerae"
"Lacrimispora saccharolytica",25502,86612,351,0,0,659667,0,2084,0,0,0,0,0,0,0,0,0,0,0,0,0,0,0,0,0,0,0,0,0,0,0,0,604352,0,0,0,0,"Lacrimispora saccharolytica"
"Streptococcus oralis",21009,2509,1943,0,0,2394,0,9239,0,0,0,0,0,0,0,8395,29454,24070,6833,4813,5691,0,4434,0,0,0,7939,2030,0,0,3557,0,0,2035,0,0,0,"Streptococcus oralis"
"Blautia hydrogenotrophica",19923,224694,0,0,0,77895,0,0,0,0,1066,0,0,0,101566,0,0,0,0,0,0,64769,0,30869,460581,0,0,0,10073,2852,3460,0,0,0,2585,0,125,"Blautia hydrogenotrophica"
"Anaerotignum lactatifermentans",18230,701531,0,0,0,3545771,8542,153992,0,0,0,0,0,0,374887,16712,0,277445,95209,36304,0,0,29802,103952,0,0,0,0,0,180213,106469,191597,315914,104278,0,0,0,"Anaerotignum lactatifermentans"
"Bifidobacterium catenulatum",18044,0,68331,17091,0,0,65339,44807,7105,6276,263,25356,0,0,0,39200,72766,0,0,0,2912,0,20410,186576,0,153626,0,0,8665,0,0,0,0,0,0,0,9601,"Bifidobacterium catenulatum"
"Intestinibacter bartlettii",17423,169897,0,24495,0,2778,5616,138273,45067,45837,1484,11011,6263,0,8739,0,214127,0,0,0,0,7932,2449,0,28427,143306,0,1229,0,3748,0,0,0,0,0,0,0,"Intestinibacter bartlettii"
"[Clostridium] innocuum",14738,93207,19217,0,7114,11812,0,14962,701,2785,0,0,0,0,6024,1442,176886,31633,18837,149090,2029,106731,4434,10687,373447,2225,131675,11380,5830,174207,3738,5168,547156,56558,0,4431,0,"[Clostridium] innocuum"
"Streptococcus parasanguinis",10173,23391,19667,0,11875,7754,3890,46048,0,0,0,0,202,0,26202,375499,53202,26257,2414370,32716,971981,8456,52069,0,26601,18357,18589,21976,4199,23249,16862,276536,0,17430,5518,6175,1125,"Streptococcus parasanguinis"
"Blautia coccoides",9624,0,0,0,0,164,0,0,0,0,0,0,0,0,27495,0,229606,950,0,0,0,23141,0,0,0,0,28855,0,0,0,0,45671,43563,0,0,0,0,"Blautia coccoides"
"Dielma fastidiosa",9586,2146,1997,1230,18588,15888,740,7036,0,0,0,0,0,0,53751,520,0,0,0,4194,0,0,0,3301,0,0,0,0,812,1388,0,4582,3983,0,0,0,0,"Dielma fastidiosa"
"Phocaeicola vulgatus",9316,206739,2813358,1292214,1843958,143041,7138323,221559,95667,63566,710429,49434,569445,13476888,2681765,0,32178,660342,0,358650,509560,2032539,100985,459552,4219788,567377,2789297,6575009,456202,1411545,720734,244655,327160,7085469,1037082,69767,2039,"Phocaeicola vulgatus"
"Clostridium sp. CAG:58",8733,446107,30385,100086,0,261603,53420,216035,0,0,309488,27174,30118,343590,0,44349,737085,362696,32251,22421,125044,1295758,43329,213119,81793,68614,0,114392,46364,339449,0,163690,117930,113812,102119,31630,528,"Clostridium sp. CAG:58"
"Blautia obeum",7850,2316186,319343,16956,313715,244810,9955,100660,104961,88794,0,23952,46701,573290,0,439141,0,5733,581842,259896,602885,18151,286796,193598,1051291,83532,0,13083,122751,0,41850,0,0,0,89320,550015,50904,"Blautia obeum"
"Eisenbergiella massiliensis",6828,335024,0,0,94371,53540,0,0,33105,34581,0,0,0,31224,79349,0,367857,0,0,0,0,0,2440,4026,0,0,0,0,0,0,392,5710,21692,0,0,10512,0,"Eisenbergiella massiliensis"
"Ruthenibacterium lactatiformans",6651,178366,11118,2171,359333,661910,39149,12546,213353,181442,8438,16155,33930,579858,127320,11103,3157372,108431,10940,32774,24940,3701598,95187,119387,818573,10351,284305,2552,240652,42683,5582,107818,1978569,7718,41101,136221,76886,"Ruthenibacterium lactatiformans"
"Adlercreutzia equolifaciens",9683,225452,0,0,94717,39242,0,0,0,0,30741,103186,0,102868,20480,18964,0,18815,0,0,2927,0,10830,41164,0,0,0,0,15009,0,0,0,820,0,65464,167571,520939,"Adlercreutzia equolifaciens"
"Ruminococcus bromii",5127,10000412,1450667,2535,7313266,14298148,1379322,32580,6380938,5080105,0,1938235,0,0,0,3412378,0,0,0,5437537,0,0,10012437,5735148,2662037,790,1088,2189373,10314311,1349,3721289,1026,956,0,4958957,8550073,75479,"Ruminococcus bromii"
"Butyricicoccus pullicaecorum",4603,0,0,0,0,0,0,0,0,0,0,0,0,0,0,0,0,0,0,0,0,0,0,0,0,0,0,0,0,0,0,0,57411,0,0,0,0,"Butyricicoccus pullicaecorum"
"Enorma massiliensis",4599,0,0,0,0,0,0,1656,0,0,236,13529,622,1965,0,303,3716,1585,0,0,998,2076,0,319,0,0,0,0,0,0,1248,0,0,0,0,4753,1824,"Enorma massiliensis"
"Phocaeicola plebeius",4282,3548,0,0,0,0,0,165282,0,0,0,0,81297,0,0,0,3911964,0,0,0,0,34431,0,0,0,0,0,0,0,0,0,0,0,0,0,0,0,"Phocaeicola plebeius"
"Actinomyces sp. HMSC035G02",3910,0,0,0,0,0,0,1227,0,0,0,0,0,0,0,0,11701,0,738,8953,1442,0,0,0,0,0,0,0,0,252,0,4958,3194,2452,0,0,0,"Actinomyces sp. HMSC035G02"
"Actinomyces oris",3488,6236,0,0,0,0,0,0,0,0,0,14271,0,0,0,0,0,18782,0,6071,0,0,0,0,13744,0,1699,0,0,0,0,0,0,1567,0,0,0,"Actinomyces oris"
"Schaalia odontolytica",3323,0,0,0,0,0,0,6665,0,0,0,10032,0,0,0,0,10893,2197,8057,6026,10174,0,0,0,0,0,1450,0,0,0,0,612,5364,0,0,0,0,"Schaalia odontolytica"
"Actinomyces sp. oral taxon 181",3192,0,0,0,0,0,0,5790,0,0,0,0,0,0,0,0,3716,0,0,0,0,0,0,0,0,0,0,0,0,0,0,0,0,0,0,0,0,"Actinomyces sp. oral taxon 181"
"Bacteroides stercoris",2960,7840,0,1015096,1693378,0,5115179,24715,26497,31095,40181,29790,40078,394938,1984147,479634,0,0,65254,1869,71874,327093,28562,84634,2832593,155653,4308780,3110159,67502,873243,2005069,239541,5775576,0,407682,4563,1306,"Bacteroides stercoris"
"Actinomyces graevenitzii",2521,0,0,0,0,0,0,11285,0,0,0,0,0,0,0,0,0,0,135,0,0,0,0,0,0,0,0,0,0,0,0,0,0,0,0,1365,0,"Actinomyces graevenitzii"
"Parvimonas micra",2065,0,0,0,0,690,0,0,0,0,0,0,0,0,0,0,0,0,0,0,0,0,1971,0,0,0,0,0,0,0,0,0,0,0,0,0,0,"Parvimonas micra"
"Faecalibacterium prausnitzii",1693,1057575,4287780,8838604,1780028,1158289,205092,6436166,2417330,2019919,4328559,6224217,14499578,1100700,6616699,6637426,2260,24348,11540248,686715,5431655,1590,2115491,10829327,450663,7111641,0,832928,4250035,3723547,8048627,9428,6369,145340,12243463,9024114,6595869,"Faecalibacterium prausnitzii"
"[Eubacterium] sulci",1685,0,0,0,0,0,0,0,0,0,0,0,0,0,0,0,11593,0,0,0,0,0,0,0,0,0,0,0,0,0,0,0,19953,0,0,1496,0,"[Eubacterium] sulci"
"Firmicutes bacterium CAG:145",1448,39117,0,0,34359,739485,0,23574,4784,1899,0,364,4865,0,0,13778,0,0,0,0,0,6780,0,30435,13653,0,0,0,15307,0,0,0,0,0,0,39955,0,"Firmicutes bacterium CAG:145"
"Sellimonas intestinalis",1322,0,0,0,269772,75272,1468,961,0,0,0,0,0,0,367890,0,0,7494,0,0,0,1335785,54201,0,49338,0,0,0,0,24331,61798,0,0,1267,0,0,0,"Sellimonas intestinalis"
"Phascolarctobacterium succinatutens",1242,0,0,0,0,0,0,2356873,1719537,1776656,1955609,0,2543313,390162,0,0,0,199294,0,0,319522,0,0,314931,0,0,0,0,0,141636,0,1781535,0,1776929,999697,49086,107430,"Phascolarctobacterium succinatutens"
"Eisenbergiella tayi",992,67660,648,0,44083,14279,0,5704,80708,77134,0,0,0,23819,0,0,0,5390,0,9219,1170,0,0,1433,799849,0,0,0,5160,4161,0,0,0,0,920,30423,0,"Eisenbergiella tayi"
"Gemella sanguinis",781,1190,0,0,0,4656,0,2203,0,0,0,0,0,0,0,0,17885,913,12512,0,40251,0,2867,0,0,0,0,0,0,7316,0,6247,6228,0,0,0,0,"Gemella sanguinis"
"Sharpea azabuensis",709,0,0,0,0,0,0,0,0,0,0,0,0,0,0,0,0,0,0,743,611,0,0,0,0,0,0,0,0,0,0,0,0,0,0,0,0,"Sharpea azabuensis"
"Prevotella stercorea",481,0,20323623,834,243,813,78,0,0,0,0,0,0,0,0,0,0,0,0,84078,0,0,0,3975,0,0,0,0,0,0,0,0,130392,13948152,1535265,0,193,"Prevotella stercorea"
"Streptococcus gordonii",376,1135,0,0,0,1412,0,0,0,0,0,0,0,0,0,3954,14628,8022,54368,0,6450,0,17731,0,0,2181,10165,33574,0,0,1640,0,2158,1379,0,0,0,"Streptococcus gordonii"
"Mogibacterium timidum",317,0,0,0,0,0,0,0,0,0,0,0,0,0,0,0,0,0,0,0,0,0,0,0,0,0,0,0,0,0,0,0,0,0,0,0,0,"Mogibacterium timidum"
"Anaerofustis stercorihominis",249,0,0,0,0,10048,0,0,0,0,0,0,0,3599,0,0,0,0,0,14115,0,0,0,0,0,0,0,0,0,0,0,3943,0,0,0,0,0,"Anaerofustis stercorihominis"
"Romboutsia ilealis",236,0,0,0,0,0,0,0,1961,1587,0,0,0,0,0,0,0,0,0,0,0,0,0,0,0,0,0,0,0,0,0,0,0,0,0,0,0,"Romboutsia ilealis"
"Firmicutes bacterium CAG:83",0,6515172,150633,75549,843575,0,64500,0,170058,150639,0,364392,1747379,8044,570685,0,0,0,12033,144464,3423385,1844,1065649,219322,0,16079,0,1678,43828,92006,295540,146006,1210806,132926,416982,123111,3287,"Firmicutes bacterium CAG:83"
"Bifidobacterium adolescentis",0,929194,281698,590189,3957644,0,39367,35334,0,0,809,1674770,553348,0,0,440105,0,1451368,0,14327,170097,0,0,0,0,639482,470171,2680489,1817174,465376,2243374,0,0,0,0,521910,3133750,"Bifidobacterium adolescentis"
"Roseburia faecis",0,799550,1417418,2148203,299978,1444055,0,246945,746666,903257,156756,152588,2675816,101268,1284058,2438675,0,1846546,0,784675,34741,0,0,1548433,87711,1529391,0,1659102,456249,8004952,1988822,0,961380,3990248,3823799,0,171725,"Roseburia faecis"
"[Eubacterium] siraeum",0,796530,455730,12523318,920420,1161524,0,0,3331290,3873901,26836,230,25341,1884920,0,0,0,0,0,529181,0,0,11648,133550,35507,0,0,0,97485,0,15752,0,0,0,40225,100902,0,"[Eubacterium] siraeum"
"Lawsonibacter asaccharolyticus",0,596156,0,189618,30733,4138533,2796,6023,22915,19714,56956,839,1409,87573,28090,38752,0,213,0,9697,11205,136777,0,70947,44304,13435,0,441,5089,2096,80944,363829,15470,0,7101,0,0,"Lawsonibacter asaccharolyticus"
"Eubacterium ramulus",0,361834,209301,220585,2196,0,128612,0,0,0,189244,63219,58839,65700,1240876,128849,0,0,163896,41794,256976,0,14285,0,17204,410285,0,233507,0,0,102279,0,6676505,61304,35583,882608,62996,"Eubacterium ramulus"
"Firmicutes bacterium CAG:94",0,180554,0,0,70941,35769,0,0,0,0,0,43812,0,75479,0,5221,3144134,5139,0,0,0,0,0,0,0,0,0,0,16542,0,38395,0,0,0,140881,0,0,"Firmicutes bacterium CAG:94"
"Roseburia intestinalis",0,177264,247735,116496,1192,0,207256,16923,62683,66438,633276,11938,97383,0,0,33591,0,439661,225100,0,109628,0,0,381528,0,67385,0,102465,19726,203737,0,0,1557026,812646,366848,79563,104818,"Roseburia intestinalis"
"Roseburia hominis",0,162723,65203,58174,12154,0,0,655323,53816,46283,96602,5141,203212,119186,379414,238461,0,1418,65024,51453,561159,0,305561,133190,140921,14201,0,5460,37531,23273,66952,0,0,0,319282,53101,27228,"Roseburia hominis"
"Clostridium sp. CAG:299",0,156207,0,0,0,0,0,0,0,0,0,27095,0,0,0,7345,0,290092,0,7674,0,0,0,26261,0,179839,0,0,0,0,41862,0,0,0,0,17904,576,"Clostridium sp. CAG:299"
"[Clostridium] symbiosum",0,152098,0,0,7033,75290,0,6675,13066,8356,0,0,0,3104,30072,1817,268847,1951,113975,0,1595,2643925,689,1068,59078,1713,154476,45338,0,0,2297,180746,158262,0,15950,1070,0,"[Clostridium] symbiosum"
"[Clostridium] leptum",0,125136,2985,32812,146837,30542,12745,8725,58420,49030,10474,34430,12575,75517,588051,11078,924713,368030,0,71586,14198,2968747,83805,104396,53993,0,0,0,38064,15473,26206,15288,425717,0,319156,143961,15953,"[Clostridium] leptum"
"[Ruminococcus] lactaris",0,112581,1339264,42159,362122,0,0,0,771460,977486,0,14986,0,2071767,1420414,382913,0,0,0,0,0,0,16376,1217467,249085,245014,0,0,0,0,0,0,0,0,0,0,4779,"[Ruminococcus] lactaris"
"Bacteroides caccae",0,108303,863806,364572,136578,76684,320260,49973,115399,128355,135063,5967,606,305563,0,0,0,1303412,182123,616050,53761,583870,1006,0,2645030,130734,0,399493,169841,152460,242145,0,274565,0,91165,0,0,"Bacteroides caccae"
"Enterocloster clostridioformis",0,97632,0,0,31111,101263,0,0,0,0,0,0,0,0,34661,0,220647,468,2176,540,0,750585,1930,1091,0,0,1377449,0,0,0,0,116144,19010,1994,0,8083,0,"Enterocloster clostridioformis"
"Dialister invisus",0,79503,276167,110770,21063,13635,0,0,0,0,0,257434,0,0,0,0,290931,0,0,0,0,0,2285546,0,0,0,21730,34533,0,0,23764,0,0,0,0,0,0,"Dialister invisus"
"Coprobacillus cateniformis",0,78855,0,0,14786,0,0,0,0,0,0,0,0,0,0,0,1324965,0,0,215025,0,2271,0,68936,97716,11121,0,0,117469,0,1483,0,0,814,0,0,0,"Coprobacillus cateniformis"
"Lachnospira pectinoschiza",0,73864,0,1434552,0,0,0,0,0,0,41360,0,41296,0,0,87392,0,0,0,0,83036,0,44818,546710,0,17301,0,0,5752,66593,0,0,0,667042,693742,0,0,"Lachnospira pectinoschiza"
"Parabacteroides merdae",0,67201,644491,541860,135498,24410,142602,169411,256332,200513,31850,0,99125,339040,191271,573821,32958,78406,49413,151279,140478,748709,5215,11663,1137464,221998,48233,133087,62675,126536,302334,158136,161635,60704,305090,1781,275,"Parabacteroides merdae"
"Holdemania filiformis",0,63602,3452,1142,535,66106,1981,10857,3173,3965,7543,1317,11090,0,0,0,0,10585,45370,15440,0,0,1204,57750,0,0,0,0,22623,31580,0,63183,31015,9743,0,62249,13813,"Holdemania filiformis"
"Barnesiella intestinihominis",0,62738,0,0,0,0,484875,57947,0,0,0,0,159263,503058,0,0,0,0,0,0,0,0,0,0,0,0,0,0,112012,277493,0,0,0,0,0,0,836,"Barnesiella intestinihominis"
"Hungatella hathewayi",0,56355,0,1300,6637,29793,2831,0,3372,9847,0,0,0,2907,26824,0,950792,2470,13431,22014,291,75604,0,351,42185,2527,34252,0,57351,7174,609,5383,149624,2727,0,0,0,"Hungatella hathewayi"
"Lachnospira eligens",0,52720,104796,754440,0,0,0,124139,5606,13088,0,0,16987,187,1683979,797962,0,0,0,0,90388,0,65986,80599,0,0,0,18825,125260,470095,0,0,0,0,239773,0,0,"Lachnospira eligens"
"Firmicutes bacterium CAG:424",0,51888,0,0,0,0,0,0,0,0,0,0,0,0,0,0,0,0,0,0,0,0,0,0,0,0,0,206,0,0,0,0,0,0,0,44576,0,"Firmicutes bacterium CAG:424"
"Bacteroides uniformis",0,24632,1059097,802889,460242,243910,2213257,29226,365070,337829,90773,139872,77841,692735,1467878,1774335,421754,251749,220710,635602,145572,42406,6681,419622,4934110,235945,205956,1249390,210410,96344,503070,27525,128073,2407651,2080851,7466,8184,"Bacteroides uniformis"
"Intestinimonas butyriciproducens",0,23731,0,4552,72912,0,0,4372,296625,257286,0,0,0,9481,0,0,1048922,0,0,0,0,45672,0,0,8618,0,0,0,0,0,0,0,407,0,517,0,0,"Intestinimonas butyriciproducens"
"Anaerotruncus colihominis",0,22196,8989,0,49280,158855,484,1456,0,0,0,0,0,0,13288,0,171407,130,0,243459,2277,938868,345,1059,260203,0,0,0,0,1097,2056,4142,31866,0,5121,17272,0,"Anaerotruncus colihominis"
"Christensenella minuta",0,21029,0,0,0,100591,0,0,0,0,0,0,0,5127,6859,0,0,0,0,60012,0,0,0,0,0,0,0,0,0,0,0,3363,0,0,2068,0,0,"Christensenella minuta"
"Enterocloster citroniae",0,19572,3035,3387,0,10441,3466,2959,1591,1026,1891,0,0,3215,11542,0,67646,17540,2353,0,2616,46029,0,8094,2028,0,456396,1007,0,12134,1320,77021,0,0,1061,0,0,"Enterocloster citroniae"
"Gemmiger formicilis",0,19513,26571,111455,27776,0,0,62704,55189,45449,3284,252826,69208,38033,0,175092,0,185,8348,8069,112574,0,28906,114043,6650,29442,0,117085,64589,0,76224,0,0,46510,56218,0,191880,"Gemmiger formicilis"
"Enterocloster asparagiformis",0,14481,0,0,52619,17208,0,1817,0,0,7426,0,0,0,0,1860,0,14371,0,0,0,0,0,1854,35974,0,0,0,2117,26215,0,0,0,0,9594,0,0,"Enterocloster asparagiformis"
"Enterocloster bolteae",0,12431,0,0,0,2422,119922,12393,0,0,68608,0,0,11547,21635,0,287007,0,14507,56370,1838,864691,942,9791,30184,971,87022,7364,4956,24878,2429,214352,149525,119958,931,8878,0,"Enterocloster bolteae"
"Ruminococcaceae bacterium D16",0,11751,0,0,3303,47897,0,57509,4399,2373,0,0,0,106549,52578,0,0,0,0,64863,0,541318,7228,0,465565,0,230983,14526,0,0,0,115253,173511,0,14366,0,0,"Ruminococcaceae bacterium D16"
"Lactobacillus johnsonii",0,11254,0,0,0,0,0,0,0,0,0,0,0,0,0,0,0,0,0,0,0,0,0,0,0,0,0,0,0,0,0,0,0,0,0,0,0,"Lactobacillus johnsonii"
"Clostridium sp. CAG:167",0,11153,0,0,0,0,0,0,0,0,0,0,0,0,0,0,0,0,0,0,0,0,0,0,0,0,0,0,0,0,0,0,0,0,0,0,0,"Clostridium sp. CAG:167"
"Paraprevotella xylaniphila",0,10970,101108,0,13692,0,0,40396,126704,144056,0,0,48252,49546,119230,350512,0,0,0,48069,6832,31068,0,20783,86008,11101,372052,176760,0,0,0,200477,0,248519,0,669,0,"Paraprevotella xylaniphila"
"Parabacteroides distasonis",0,10257,481637,0,1587065,41892,429964,172666,224624,238598,23723,0,105366,1815851,0,206687,1045925,0,0,107865,11014,181049,2339,19882,378903,16051,328857,579217,118163,149081,17525,258965,84153,709990,0,10796,2145,"Parabacteroides distasonis"
"Roseburia inulinivorans",0,9867,2996477,903776,868,0,10915,3496023,143011,182132,660369,455854,884416,514,798852,159122,0,655295,0,29589,568077,76231,0,297624,0,468951,0,39442,37162,625832,37762,24122095,6308119,551688,330921,1734,52275,"Roseburia inulinivorans"
"Blautia producta",0,9720,0,0,468,0,0,0,0,0,0,0,0,0,194483,0,0,0,0,6840,0,0,0,0,0,0,0,0,0,0,0,0,0,0,0,0,0,"Blautia producta"
"Eubacterium limosum",0,8984,0,0,0,0,0,0,1766,0,0,0,0,5281,0,0,0,0,0,0,0,0,0,0,14097,0,0,0,0,0,0,0,0,0,0,0,0,"Eubacterium limosum"
"Oscillibacter sp. 57_20",0,8028,355763,367517,265443,0,0,28916,263097,81137,105758,7554,379484,631100,0,323473,0,0,0,120955,55356,0,48292,83719,447894,62334,0,120749,102343,29188,16036,82828,0,170243,971727,2445,1564,"Oscillibacter sp. 57_20"
"Blautia argi",0,7665,0,0,0,28723,0,0,0,0,0,0,0,0,0,0,0,235635,0,0,0,0,0,0,0,0,0,0,0,1282,0,0,135577,0,0,0,0,"Blautia argi"
"Adlercreutzia caecimuris",0,6815,0,0,2794,626,0,0,0,0,0,1481,0,2076,1097,0,548,0,0,0,0,0,0,116,989,0,0,0,0,0,0,0,3700,0,789,3235,10008,"Adlercreutzia caecimuris"
"Bacteroides intestinalis",0,6369,0,753839,0,0,0,0,637,0,0,0,0,0,0,0,0,0,0,0,0,0,0,0,0,0,0,0,0,0,35399,0,0,0,0,0,0,"Bacteroides intestinalis"
"Clostridium sp. chh4-2",0,6098,0,0,0,0,0,0,0,0,0,0,0,0,0,0,0,0,0,0,0,0,0,0,0,0,0,0,0,0,0,0,0,0,0,0,0,"Clostridium sp. chh4-2"
"Harryflintia acetispora",0,5216,0,0,8068,13713,0,0,0,0,0,0,0,0,0,0,0,0,0,40241,0,356755,138,0,0,0,0,0,0,0,3081,1311,0,0,0,2956,4482,"Harryflintia acetispora"
"Proteobacteria bacterium CAG:139",0,4752,0,0,0,964,876675,0,0,0,0,0,0,0,0,0,0,853,0,0,0,0,0,472,0,0,0,0,0,37661,0,0,0,0,490,0,0,"Proteobacteria bacterium CAG:139"
"Enterocloster aldenensis",0,4485,0,0,1089,2239,1442,0,0,0,0,0,0,2941,2457,0,45841,0,0,0,0,40270,0,0,11689,0,55481,0,0,0,0,4297,3108,0,0,0,0,"Enterocloster aldenensis"
"Bacteroides ovatus",0,3819,426476,0,524352,57145,2580153,4039,257301,356929,964,966,27994,990398,668005,185602,0,106457,105943,46636,3380,236047,0,29478,1694690,0,0,112462,4709,195831,272704,63758,32106,1122800,706530,0,0,"Bacteroides ovatus"
"Ligilactobacillus salivarius",0,3107,0,0,0,0,0,0,0,0,0,0,0,0,0,0,0,0,0,0,0,0,0,0,0,10525,0,0,345943,0,49994,0,0,0,0,0,0,"Ligilactobacillus salivarius"
"Firmicutes bacterium CAG:646",0,3015,0,0,0,0,0,0,0,0,0,0,0,0,25323,0,0,0,0,0,0,0,0,0,0,0,0,0,0,0,0,0,0,0,0,0,0,"Firmicutes bacterium CAG:646"
"Enterocloster lavalensis",0,2946,0,0,0,0,7208,0,0,0,0,0,0,34309,16797,384,48224,1177,0,0,831,30835,0,0,16284,576,488094,0,1286,0,0,6828,0,0,0,0,0,"Enterocloster lavalensis"
"Flavonifractor plautii",0,2339,26439,23209,20347,1451782,270707,183751,70226,45900,166973,39473,15370,30421,337010,23311,1089222,197714,5878,68571,0,3878364,3010,62067,203491,30397,411878,101879,8944,175249,39306,262736,183660,515963,40867,26635,23787,"Flavonifractor plautii"
"Allisonella histaminiformans",0,2031,0,0,0,0,0,4620,0,0,12462,0,78998,0,0,0,0,0,0,0,0,10430,0,0,0,0,0,12666,0,0,0,19946,0,0,22131,13568,30245,"Allisonella histaminiformans"
"Alistipes shahii",0,1847,39247,311780,70059,38474,0,2312,0,0,4961,4555,2348,0,0,0,0,1942,2616,23713,5839,145239,0,50021,2179,0,5127,0,72768,9294,0,1902,0,0,25663,23331,1270,"Alistipes shahii"
"[Clostridium] spiroforme",0,1774,0,5801,0,0,0,1817,0,0,0,0,0,0,22671,72762,20070,0,0,109016,0,0,0,0,29438,3128,0,0,23298,0,27610,0,89844,0,1039,0,0,"[Clostridium] spiroforme"
"Streptococcus vestibularis",0,1755,0,0,0,0,0,0,0,0,0,0,0,0,0,74643,0,9695,0,0,218378,0,0,0,0,2177,0,0,3697,0,20587,0,0,0,0,0,0,"Streptococcus vestibularis"
"Christensenella hongkongensis",0,1186,0,0,0,15349,0,404,5893,8725,0,0,0,0,2550,0,0,0,0,0,0,0,0,3823,13895,0,0,0,0,3245,0,0,0,0,0,2645,0,"Christensenella hongkongensis"
"Streptococcus sp. HPH0090",0,1066,0,0,0,0,0,0,0,0,0,0,0,0,0,0,0,0,0,0,0,0,0,0,0,0,0,0,0,0,0,0,0,0,0,0,0,"Streptococcus sp. HPH0090"
"Bifidobacterium scardovii",0,993,0,0,0,0,0,0,0,0,0,0,0,0,0,0,0,0,0,0,0,0,0,0,0,0,0,0,0,0,0,0,0,0,0,0,0,"Bifidobacterium scardovii"
"Slackia isoflavoniconvertens",0,951,25138,75367,0,0,0,99880,0,0,0,227966,104066,252168,0,0,0,64457,0,0,261660,0,0,0,0,0,0,0,0,0,0,0,0,0,0,234019,764538,"Slackia isoflavoniconvertens"
"Anaerostipes caccae",0,809,0,0,0,51461,0,0,0,0,0,0,0,0,1262,0,198181,20112,0,0,0,45207,0,0,0,0,16485,0,0,798,0,17045,821702,15324,0,0,0,"Anaerostipes caccae"
"Eubacterium sp. CAG:38",0,427,0,0,0,12474,97472,1679,0,355,8256,0,0,0,0,108421,0,0,0,0,0,0,0,0,1606,0,0,30298,0,10478,0,0,802452,197247,0,0,0,"Eubacterium sp. CAG:38"
"Actinomyces sp. HPA0247",0,331,0,0,0,0,0,0,0,0,0,0,0,0,0,1937,0,7322,4483,19074,2134,0,0,980,0,0,0,0,0,0,0,0,0,0,0,0,6085,"Actinomyces sp. HPA0247"
"Bacteroides xylanisolvens",0,0,1346629,0,517,539,0,0,48712,62416,38269,0,19542,3983,0,0,0,638084,34519,6196,10035,17945,56884,18134,189957,28865,766239,0,20169,175351,2942,83059,24146,0,1025219,0,0,"Bacteroides xylanisolvens"
"Phocaeicola dorei",0,0,1242607,0,0,0,0,1775,0,0,134340,409,0,3884893,0,1282404,0,0,0,0,1093,0,0,0,0,544,0,0,0,38435,0,0,0,0,0,0,0,"Phocaeicola dorei"
"Alistipes putredinis",0,0,877273,3846263,1802832,223700,0,10600,0,0,3107,509418,14781,2676669,1463351,1834535,0,1107654,13453,41786,1486965,1525436,0,355179,1420331,214226,0,0,789833,191458,1405152,570499,476618,0,1695883,421055,50627,"Alistipes putredinis"
"Bacteroides fragilis",0,0,675408,244972,0,41221,0,38360,0,5854,0,0,9353,8308,443108,281184,0,204387,0,0,0,138486,0,0,0,355,0,0,292462,0,28816,0,0,0,0,0,0,"Bacteroides fragilis"
"Ruminococcus bicirculans",0,0,610847,210203,0,0,0,0,0,0,0,22278,72850,0,0,2568237,0,0,0,0,1607173,0,2243636,0,194813,0,0,3433,59562,0,5543310,0,0,0,0,0,0,"Ruminococcus bicirculans"
"Odoribacter splanchnicus",0,0,299017,0,0,0,147678,40610,22760,31973,13855,0,50327,192796,0,0,0,0,0,9668,27012,66688,0,5958,727040,0,16038,173626,16715,0,11822,10239,0,0,42222,3277,0,"Odoribacter splanchnicus"
"Eubacterium sp. CAG:251",0,0,292508,810321,1818,0,0,0,803392,618141,562717,405955,2798441,0,0,0,0,0,0,0,0,0,0,0,0,0,0,0,482237,0,0,0,0,0,0,0,381204,"Eubacterium sp. CAG:251"
"Eubacterium ventriosum",0,0,223486,262003,117927,154715,0,3392,22074,29714,0,0,0,659186,0,13658,0,0,66472,0,10269,0,0,331530,0,342703,0,0,6132,469981,0,0,0,0,33336,752578,0,"Eubacterium ventriosum"
"Eubacterium sp. CAG:180",0,0,210662,0,63467,0,0,6348756,0,0,1098,0,7015989,238781,0,0,0,0,0,86154,0,0,16945427,7151,1419,1729,717,10082,2544100,1310,16429398,1364,2183,0,580283,1317,42332,"Eubacterium sp. CAG:180"
"Oscillibacter sp. CAG:241",0,0,188102,49684,4178572,80883,0,0,1803291,1130167,0,0,641213,1266702,0,131042,0,0,0,6961020,283549,0,21292,727947,1620110,0,0,0,85056,260,760,242151,8861,4050,166038,6734,0,"Oscillibacter sp. CAG:241"
"Bifidobacterium bifidum",0,0,131762,0,0,2173721,464652,0,62916,45665,359,2915579,0,0,0,633859,0,0,0,3862318,2349,0,0,0,0,2176544,0,2212853,1789418,0,2625724,0,0,0,0,0,0,"Bifidobacterium bifidum"
"Eubacterium sp. CAG:274",0,0,75821,0,0,0,0,0,0,0,54138,0,0,0,0,0,0,0,0,0,0,0,0,0,0,0,0,80991,0,0,0,0,0,0,0,0,0,"Eubacterium sp. CAG:274"
"Roseburia sp. CAG:471",0,0,72370,27076,0,0,0,0,798,110,445,0,683,923,5584,3899,0,3508,1144491,2118,983,0,0,841,1062,601,0,1711,153,8720,1628,0,0,11396,239,7709,3364,"Roseburia sp. CAG:471"
"Coprococcus eutactus",0,0,53130,1083339,0,0,0,0,430274,270350,2419437,14828,315916,0,0,0,0,0,0,0,651590,0,0,0,0,0,0,0,0,0,0,0,0,0,0,0,0,"Coprococcus eutactus"
"Ruminococcus sp. CAG:330",0,0,47566,0,0,0,0,0,0,0,0,0,0,0,0,0,0,0,0,0,0,0,0,0,0,0,0,154469,0,0,0,0,0,0,0,0,0,"Ruminococcus sp. CAG:330"
"Ligilactobacillus ruminis",0,0,41985,323731,0,56373,0,0,9932,11861,45341,562508,2138439,0,0,32717,0,0,0,0,31762,0,107818,1599933,0,0,0,0,147052,3277952,0,0,0,0,0,0,1477685,"Ligilactobacillus ruminis"
"Coprococcus catus",0,0,36443,41837,0,0,0,0,0,0,1088,9140,4352,63975,0,11423,0,245835,17772,0,214262,0,8597,0,350646,6409,0,0,15362,0,70660,0,0,0,50913,136405,11919,"Coprococcus catus"
"Methanobrevibacter smithii",0,0,33611,0,63364,0,0,0,0,0,0,0,262734,1585902,0,0,0,0,0,4243066,0,0,0,0,2737148,290,0,0,2360929,0,0,0,0,0,1582467,0,0,"Methanobrevibacter smithii"
"Bilophila wadsworthia",0,0,31312,15302,0,5497,0,0,0,0,33876,713,5771,0,9982,13820,0,14454,0,0,0,0,0,11090,0,0,0,27189,0,56076,0,1569,0,123092,34005,0,0,"Bilophila wadsworthia"
"Alistipes finegoldii",0,0,12863,237154,760494,53951,104491,6023,118027,123609,14792,54021,1867,29383,263494,209259,0,103760,0,39423,154519,108943,179,8501,1109527,14273,0,412527,136639,441,29298,0,0,0,3129,0,0,"Alistipes finegoldii"
"Firmicutes bacterium CAG:95",0,0,7551,17291,0,0,0,0,0,0,0,0,36414,5137,0,0,0,0,0,0,0,0,0,0,0,0,0,0,0,0,0,0,0,0,3559,0,0,"Firmicutes bacterium CAG:95"
"Paraprevotella clara",0,0,7287,0,1327,0,0,19230,0,0,0,0,1955,3839,973,4044,0,0,0,0,0,1800,0,0,2641,266,0,0,0,0,0,27541,0,39331,0,0,0,"Paraprevotella clara"
"Monoglobus pectinilyticus",0,0,6925,30072,0,12054,0,0,0,0,0,0,0,13627,0,0,0,0,0,0,0,0,0,59160,50391,0,0,0,0,0,0,0,0,0,141778,0,0,"Monoglobus pectinilyticus"
"Parvimonas sp. KA00067",0,0,4214,0,0,0,0,0,0,0,0,0,0,0,0,0,0,0,0,0,0,0,0,0,0,0,0,0,0,0,0,0,0,0,0,0,0,"Parvimonas sp. KA00067"
"Prevotella sp. CAG:520",0,0,2793,0,0,0,0,0,0,0,0,0,0,0,0,0,0,0,0,0,0,0,0,81426,0,0,0,0,0,0,0,0,0,0,196,0,0,"Prevotella sp. CAG:520"
"Gemella morbillorum",0,0,2672,0,0,0,0,0,0,0,0,0,0,0,0,0,0,0,17215,0,1146,0,0,0,0,0,0,0,0,0,0,0,1874,0,0,0,0,"Gemella morbillorum"
"Haemophilus parainfluenzae",0,0,1811,0,0,0,0,0,0,3711,2411,0,0,0,0,3873,0,0,12317,0,4297,0,0,0,0,0,0,0,0,0,0,0,0,0,0,0,0,"Haemophilus parainfluenzae"
"Veillonella dispar",0,0,1537,0,0,0,0,2169,0,0,0,0,0,0,0,194483,7040,0,42317,0,3437,0,5642,0,0,0,11767,0,0,0,0,0,0,0,0,0,0,"Veillonella dispar"
"Veillonella parvula",0,0,1301,5251,0,512,0,0,0,0,0,0,0,0,0,40557,0,0,50126,0,0,0,26062,0,0,3902,5613196,76632,2792,0,4817,0,0,0,0,0,0,"Veillonella parvula"
"Alistipes onderdonkii",0,0,1196,17072,0,14650,5305,0,0,0,0,0,0,0,0,0,0,0,0,0,0,44050,0,0,0,0,0,0,0,0,7903,0,0,0,648,0,0,"Alistipes onderdonkii"
"Gemella haemolysans",0,0,1163,0,0,0,0,1756,0,0,0,0,0,0,0,0,3357,0,15980,0,3452,0,0,0,0,0,0,0,0,0,0,3895,0,0,0,0,0,"Gemella haemolysans"
"Haemophilus sp. HMSC71H05",0,0,1087,0,0,0,0,0,0,0,3386,0,0,0,0,2820,0,0,0,0,0,0,0,0,0,0,0,0,0,0,0,0,0,0,0,0,0,"Haemophilus sp. HMSC71H05"
"Firmicutes bacterium CAG:110",0,0,335,49293,153037,0,0,0,44833,58954,0,0,38402,280019,0,0,0,0,0,0,0,0,0,0,0,0,0,0,812817,0,31360,0,0,0,0,0,25997,"Firmicutes bacterium CAG:110"
"Butyrivibrio crossotus",0,0,0,1021149,0,0,0,0,0,0,0,0,0,0,0,0,0,0,0,0,0,0,0,0,0,0,0,0,0,0,0,0,0,0,0,0,0,"Butyrivibrio crossotus"
"Bacteroides faecis",0,0,0,560755,0,0,0,0,20414,23875,0,0,11543,0,0,0,0,0,0,0,0,0,3350,0,0,0,0,0,15997,0,0,0,0,0,0,180934,0,"Bacteroides faecis"
"Butyricimonas synergistica",0,0,0,156824,0,0,0,0,0,0,0,0,0,0,0,0,0,0,0,0,0,0,0,0,0,0,0,0,0,0,0,0,0,0,0,0,0,"Butyricimonas synergistica"
"Lactobacillus rogosae",0,0,0,151825,0,0,0,0,0,0,461,0,7797,0,0,0,0,0,0,0,25475,0,0,99362,0,399,0,0,690,559,0,0,0,0,0,0,0,"Lactobacillus rogosae"
"Ruminococcus callidus",0,0,0,31615,0,0,0,0,27193,13616,321,0,72659,1989,0,92733,0,0,0,0,332212,0,0,47534,0,534433,0,0,0,0,0,0,0,0,0,0,17683,"Ruminococcus callidus"
"Roseburia sp. CAG:309",0,0,0,30855,0,0,0,0,0,0,0,0,546,0,0,14473,0,0,0,0,0,0,0,0,0,0,0,0,0,0,0,0,0,0,0,0,0,"Roseburia sp. CAG:309"
"Butyricimonas virosa",0,0,0,19812,0,0,3225,2017,0,0,0,0,824,315898,0,0,0,0,0,0,29676,0,0,5640,0,0,0,0,0,433,3032,0,0,0,0,0,0,"Butyricimonas virosa"
"Akkermansia muciniphila",0,0,0,10610,5917319,396725,0,0,831763,554479,0,43147,0,27389,3585924,189066,74572,366,866,0,2514193,0,3823,159987,0,2028,0,0,698,0,0,0,0,0,0,102926,330459,"Akkermansia muciniphila"
"Bacteroides faecis CAG:32",0,0,0,6938,0,0,0,0,86693,54477,0,0,23561,0,0,0,0,0,0,0,0,0,0,0,0,0,0,0,0,0,0,0,0,0,0,10095,0,"Bacteroides faecis CAG:32"
"Bacteroides galacturonicus",0,0,0,6267,0,0,0,0,0,0,0,0,0,0,0,2849,0,0,0,0,0,0,8965,3869,0,0,0,0,0,0,0,0,0,0,669,0,0,"Bacteroides galacturonicus"
"Coprobacter secundus",0,0,0,6113,0,0,0,0,0,0,0,0,0,19941,0,0,0,0,0,0,0,0,0,0,0,0,0,0,0,0,0,0,0,0,0,0,0,"Coprobacter secundus"
"Ruminococcaceae bacterium D5",0,0,0,4543,579860,0,0,0,0,0,0,0,0,17909,0,0,0,0,0,0,0,0,0,0,0,0,0,0,0,0,0,0,0,0,0,0,0,"Ruminococcaceae bacterium D5"
"Parasutterella excrementihominis",0,0,0,1715,0,14604,206360,0,0,0,0,0,0,0,0,0,0,24195,0,0,0,0,0,29312,0,0,0,0,0,1263,0,0,0,0,26376,0,0,"Parasutterella excrementihominis"
"Firmicutes bacterium CAG:170",0,0,0,1500,0,0,0,0,0,0,0,0,12329,0,0,0,0,0,0,0,0,0,0,0,0,0,0,0,0,0,0,0,0,0,106902,0,3740,"Firmicutes bacterium CAG:170"
"Anaeromassilibacillus sp. An250",0,0,0,913,0,0,0,2169,14229,13184,0,998,16512,128537,8374,14170,0,658,0,0,19268,0,0,18194,100297,0,0,0,26231,23359,22360,0,128184,906,1252,15712,24905,"Anaeromassilibacillus sp. An250"
"Veillonella atypica",0,0,0,592,0,0,0,618,0,0,0,0,0,0,0,66457,0,0,100611,0,673,0,0,0,0,0,0,0,0,0,0,9336,0,0,0,0,0,"Veillonella atypica"
"Firmicutes bacterium CAG:238",0,0,0,219,0,0,0,0,0,0,0,0,0,0,0,0,0,0,0,0,0,0,0,0,0,0,0,0,0,0,0,0,0,0,0,0,0,"Firmicutes bacterium CAG:238"
"Veillonella sp. CAG:933",0,0,0,0,465970,0,0,0,0,0,0,0,0,0,0,0,0,0,0,0,0,0,0,0,0,0,0,0,0,0,0,0,0,0,0,0,0,"Veillonella sp. CAG:933"
"Parabacteroides johnsonii",0,0,0,0,236047,0,0,0,0,0,0,0,0,0,0,0,0,0,0,0,0,0,0,0,0,0,0,0,0,0,0,0,0,0,0,0,0,"Parabacteroides johnsonii"
"Peptococcus niger",0,0,0,0,215632,0,0,0,0,0,0,0,0,0,0,0,0,0,0,0,0,0,0,0,0,0,0,0,0,0,0,0,0,0,0,0,0,"Peptococcus niger"
"Alloscardovia omnicolens",0,0,0,0,169898,0,0,0,0,0,0,0,0,0,0,0,0,0,0,0,0,0,0,0,0,0,0,0,0,0,0,16336,0,0,0,0,0,"Alloscardovia omnicolens"
"Bacteroides cellulosilyticus",0,0,0,0,106219,821145,0,0,0,0,0,0,0,68041,146023,143228,0,0,0,52230,0,48440,0,1937,0,0,0,0,9053,0,0,0,0,0,1151771,0,0,"Bacteroides cellulosilyticus"
"Phocaeicola massiliensis",0,0,0,0,75720,0,611538,2241,62926,36494,265380,319,0,148565,0,0,0,0,0,3758,60946,0,1654,38894,252257,36137,413286,983656,0,105418,0,27208,100203,0,100628,0,0,"Phocaeicola massiliensis"
"Eubacterium callanderi",0,0,0,0,68345,0,0,0,0,0,0,0,0,36264,0,0,0,0,0,0,0,7478,0,0,0,0,0,0,0,0,0,0,0,0,0,0,0,"Eubacterium callanderi"
"Alistipes indistinctus",0,0,0,0,65866,33041,0,11623,545712,483755,68480,15891,0,301055,0,0,0,0,0,442587,0,0,0,7618,0,0,0,623,0,14549,0,49534,0,0,36623,28917,3065,"Alistipes indistinctus"
"Bacteroides thetaiotaomicron",0,0,0,0,51953,16381,447837,12084,25762,20658,48946,0,172832,120114,0,36261,0,0,37050,77429,29647,64244,0,57486,587648,10259,229697,187731,5234,58373,50350,128000,19762,143020,164470,0,0,"Bacteroides thetaiotaomicron"
"Lactiplantibacillus plantarum",0,0,0,0,29225,0,0,0,0,0,0,0,0,0,0,0,0,0,0,0,0,0,0,0,0,0,0,0,0,0,0,0,0,0,0,0,0,"Lactiplantibacillus plantarum"
"Blautia sp. An249",0,0,0,0,27029,0,0,0,0,0,0,0,0,0,0,0,0,0,0,0,0,0,0,0,0,0,0,0,0,0,0,0,0,0,0,0,0,"Blautia sp. An249"
"Lachnoclostridium sp. An131",0,0,0,0,14853,0,0,0,0,0,0,0,0,269,0,0,0,0,0,0,0,0,0,2709,0,0,0,0,8987,0,760,0,0,0,0,0,0,"Lachnoclostridium sp. An131"
"Limosilactobacillus fermentum",0,0,0,0,11164,0,0,0,0,0,0,0,0,0,0,52364,0,0,0,0,17679,0,101325,0,0,697,0,0,3560,0,18447,0,0,0,0,0,0,"Limosilactobacillus fermentum"
"Bacteroides finegoldii",0,0,0,0,4351,0,0,5566,0,0,0,750,0,516152,243254,226649,0,0,33994,0,119143,13917,15406,0,0,0,843314,1531526,2866,0,0,308284,117412,571585,4952,7018,120,"Bacteroides finegoldii"
"[Clostridium] scindens",0,0,0,0,2754,3135,0,0,0,0,0,0,0,0,0,0,0,528,0,0,0,0,0,0,4732,0,0,0,0,0,0,0,10094,0,0,0,0,"[Clostridium] scindens"
"Massilimicrobiota timonensis",0,0,0,0,2299,0,0,0,0,0,0,0,0,0,0,0,0,0,0,0,0,0,0,0,0,0,0,0,0,1270,0,0,22481,0,0,0,0,"Massilimicrobiota timonensis"
"Bacteroides nordii",0,0,0,0,1678,0,0,0,0,0,0,0,0,51785,15003,16900,0,0,0,0,0,1492,0,0,0,0,0,0,0,0,121,0,0,0,0,0,0,"Bacteroides nordii"
"Lachnoclostridium sp. An138",0,0,0,0,1215,0,0,0,375,0,0,0,0,0,355,0,0,0,0,0,0,0,0,0,8783,0,0,0,0,0,0,0,0,0,7107,0,0,"Lachnoclostridium sp. An138"
"[Clostridium] methylpentosum",0,0,0,0,706,4812,0,0,0,0,0,0,0,5843,0,0,0,0,0,0,501,0,0,0,0,0,0,0,0,3469,0,0,0,0,0,0,0,"[Clostridium] methylpentosum"
"Coprobacter sp.",0,0,0,0,0,84845,0,0,0,0,0,0,0,0,0,0,0,0,0,0,0,0,0,0,0,0,0,0,0,0,0,0,0,0,0,0,0,"Coprobacter sp."
"Anaerofilum sp. An201",0,0,0,0,0,5762,0,0,0,0,0,0,0,0,0,0,0,0,0,0,0,0,0,0,0,0,0,0,0,0,0,0,0,0,0,0,0,"Anaerofilum sp. An201"
"Actinomyces sp. ICM47",0,0,0,0,0,2303,1166,9130,0,0,0,4041,0,0,0,0,0,4175,9176,9045,716,0,0,0,0,0,50282,0,0,11489,0,17082,4131,8918,0,4800,0,"Actinomyces sp. ICM47"
"Clostridiales bacterium 1_7_47FAA",0,0,0,0,0,2294,1659,0,0,0,0,0,0,2657,0,0,0,0,2708,0,0,0,0,0,0,0,215902,0,0,2513,0,0,0,0,0,0,0,"Clostridiales bacterium 1_7_47FAA"
"Turicimonas muris",0,0,0,0,0,1151,38276,0,0,0,0,0,0,0,0,0,0,0,0,0,0,0,0,0,0,0,0,0,0,0,0,0,0,0,0,0,0,"Turicimonas muris"
"Acidaminococcus intestini",0,0,0,0,0,0,2292742,140557,0,0,568439,25382,1201867,0,0,0,0,879257,0,78293,159460,0,167390,0,0,5311325,0,0,0,0,0,0,0,1684886,0,3962,0,"Acidaminococcus intestini"
"Megasphaera sp. MJR8396C",0,0,0,0,0,0,480910,0,62809,54817,672423,2405733,3128483,0,0,0,0,0,0,0,0,0,0,0,0,2765,0,0,0,0,0,3830,0,0,0,0,0,"Megasphaera sp. MJR8396C"
"Phascolarctobacterium faecium",0,0,0,0,0,0,30677,0,0,0,0,0,0,0,397807,0,0,0,271283,0,0,4550641,0,0,112009,1282817,0,0,0,0,333181,0,28783,0,0,0,0,"Phascolarctobacterium faecium"
"Streptococcus lutetiensis",0,0,0,0,0,0,29731,0,64264,64813,0,0,0,0,0,1705779,0,0,1214,0,0,0,0,0,0,0,0,0,57931,0,0,0,0,0,0,0,0,"Streptococcus lutetiensis"
"Clostridium bolteae CAG:59",0,0,0,0,0,0,17708,500,0,0,15231,0,0,0,0,0,0,0,0,0,143,0,0,2122,21832,0,0,299,0,10309,959,0,0,0,0,3325,0,"Clostridium bolteae CAG:59"
"Candidatus Stoquefichus sp. KLE1796",0,0,0,0,0,0,3643,0,0,0,0,0,0,0,0,0,0,0,0,2701327,0,0,0,0,0,0,2803446,0,0,0,0,259943,0,0,0,0,0,"Candidatus Stoquefichus sp. KLE1796"
"Prevotella sp. CAG:891",0,0,0,0,0,0,0,998028,0,0,0,0,0,0,0,0,0,0,0,0,0,1435877,0,0,0,0,0,0,0,0,0,0,0,0,0,0,173865,"Prevotella sp. CAG:891"
"Prevotella copri",0,0,0,0,0,0,0,917316,18885371,21096615,27795562,36794,1697217,190489,0,0,0,0,0,553500,329147,3680981,0,0,0,1408323,0,0,369907,0,0,8446058,0,0,0,113790,238989,"Prevotella copri"
"Desulfovibrio piger",0,0,0,0,0,0,0,473199,0,0,0,0,82782,0,0,0,0,0,0,0,0,0,0,0,0,0,0,0,0,0,0,275328,0,5968,0,0,11545,"Desulfovibrio piger"
"Bacteroides salyersiae",0,0,0,0,0,0,0,37523,0,0,9719,0,17691,100350,0,0,0,50615,0,0,43559,179264,0,0,270116,0,0,321539,0,0,0,312404,0,0,0,0,0,"Bacteroides salyersiae"
"Prevotella sp. CAG:279",0,0,0,0,0,0,0,37161,1463535,1496210,180661,19995,0,0,0,0,0,136417,0,36034,0,0,0,0,0,0,0,0,0,0,366049,61889,0,914630,0,0,0,"Prevotella sp. CAG:279"
"Rothia mucilaginosa",0,0,0,0,0,0,0,27684,0,0,0,0,0,0,0,2384,0,0,8483,154,945,0,3432,0,0,0,0,0,0,0,0,15143,0,0,0,0,2723,"Rothia mucilaginosa"
"Roseburia sp. CAG:182",0,0,0,0,0,0,0,26847,0,0,0,0,0,0,0,0,0,0,0,0,0,0,0,0,0,0,0,0,0,0,0,0,0,0,0,0,0,"Roseburia sp. CAG:182"
"Faecalitalea cylindroides",0,0,0,0,0,0,0,16147,0,0,0,0,0,0,0,0,0,0,0,0,0,0,0,0,576073,0,0,0,0,0,0,0,0,0,0,0,0,"Faecalitalea cylindroides"
"Faecalicoccus pleomorphus",0,0,0,0,0,0,0,10704,0,0,0,0,0,0,0,0,0,0,0,0,0,0,0,0,0,0,0,0,0,0,0,0,0,0,0,0,0,"Faecalicoccus pleomorphus"
"Streptococcus australis",0,0,0,0,0,0,0,9130,0,0,0,0,0,0,0,0,0,0,27892,0,0,0,7581,0,0,0,0,0,0,0,0,0,0,0,0,0,0,"Streptococcus australis"
"Turicibacter sanguinis",0,0,0,0,0,0,0,7793,1956,2685,0,3698,0,0,0,0,0,10849,0,0,0,0,0,0,8701,24085,0,0,0,0,0,0,0,0,0,0,0,"Turicibacter sanguinis"
"Schaalia turicensis",0,0,0,0,0,0,0,6204,0,0,0,0,0,0,0,0,0,0,0,0,0,0,0,0,0,0,0,0,0,0,0,0,0,0,0,0,0,"Schaalia turicensis"
"Tractidigestivibacter scatoligenes",0,0,0,0,0,0,0,4605,0,0,0,1233,0,0,0,0,0,0,0,0,0,0,0,314,0,0,0,0,0,0,0,0,0,0,0,0,0,"Tractidigestivibacter scatoligenes"
"Streptococcus infantis",0,0,0,0,0,0,0,3525,0,0,0,0,0,0,0,0,1971,0,37856,0,8555,0,1764,0,0,0,0,0,0,0,0,0,0,0,0,0,0,"Streptococcus infantis"
"Bacteroides eggerthii",0,0,0,0,0,0,0,3483,0,0,0,0,0,0,0,0,0,0,0,24186,0,76848,0,0,0,0,0,0,0,0,0,4050,0,0,0,0,0,"Bacteroides eggerthii"
"Klebsiella variicola",0,0,0,0,0,0,0,1817,0,0,0,0,0,0,23137,17774,0,0,0,0,0,648731,0,0,0,0,0,0,0,0,0,0,0,0,0,6228,0,"Klebsiella variicola"
"Coprobacter fastidiosus",0,0,0,0,0,0,0,1541,4939,5283,0,0,0,0,0,0,0,0,29702,0,0,0,0,0,0,0,0,0,0,8688,0,0,0,0,0,0,0,"Coprobacter fastidiosus"
"Candida tropicalis",0,0,0,0,0,0,0,809,0,0,0,0,0,0,0,0,0,0,0,0,0,0,0,0,0,0,0,0,0,0,0,0,0,0,0,0,0,"Candida tropicalis"
"Corynebacterium durum",0,0,0,0,0,0,0,481,0,0,0,0,0,0,0,0,0,0,0,0,0,0,0,0,0,0,0,0,0,0,0,0,0,0,0,0,0,"Corynebacterium durum"
"Streptococcus cristatus",0,0,0,0,0,0,0,471,0,0,0,0,0,0,0,0,0,0,1044,0,0,0,0,0,0,0,0,0,0,0,0,0,0,0,0,0,0,"Streptococcus cristatus"
"Alistipes timonensis",0,0,0,0,0,0,0,0,3440,3452,0,0,0,0,0,0,0,0,0,0,0,0,0,0,0,0,0,2742,0,0,0,0,0,0,0,0,0,"Alistipes timonensis"
"Lachnoclostridium sp. An14",0,0,0,0,0,0,0,0,414,0,0,0,0,0,0,0,0,0,0,0,0,0,0,0,0,0,0,0,0,0,0,0,0,0,0,0,0,"Lachnoclostridium sp. An14"
"[Butyribacterium] methylotrophicum",0,0,0,0,0,0,0,0,394,0,0,0,0,0,0,0,0,1511,0,0,0,0,0,0,0,0,0,0,0,0,0,0,0,0,0,0,0,"[Butyribacterium] methylotrophicum"
"Prevotella sp. 885",0,0,0,0,0,0,0,0,0,0,1668414,0,0,0,0,0,0,0,0,0,0,0,0,0,0,0,0,0,0,0,0,0,0,0,0,0,0,"Prevotella sp. 885"
"Bifidobacterium angulatum",0,0,0,0,0,0,0,0,0,0,0,0,494956,0,0,0,0,0,0,0,6264,0,0,0,0,0,0,0,481742,0,0,0,0,0,0,0,0,"Bifidobacterium angulatum"
"Megamonas funiformis CAG:377",0,0,0,0,0,0,0,0,0,0,0,0,250973,0,0,0,0,0,0,0,0,0,0,0,0,0,0,0,0,0,0,0,0,0,0,6123,0,"Megamonas funiformis CAG:377"
"Phocaeicola coprocola",0,0,0,0,0,0,0,0,0,0,0,0,194416,0,0,2556907,0,0,0,0,0,0,0,0,0,0,0,0,0,0,0,0,0,0,0,0,0,"Phocaeicola coprocola"
"Prevotella sp. CAG:5226",0,0,0,0,0,0,0,0,0,0,0,0,175693,0,0,0,0,0,0,0,0,0,0,0,0,0,0,0,0,163957,0,571541,0,4831954,0,0,0,"Prevotella sp. CAG:5226"
"Megamonas funiformis",0,0,0,0,0,0,0,0,0,0,0,0,104071,0,0,0,0,0,0,0,0,0,0,0,0,7980057,0,0,0,0,0,0,0,0,0,5343,2060,"Megamonas funiformis"
"Prevotella sp. AM42-24",0,0,0,0,0,0,0,0,0,0,0,0,93479,0,0,0,0,0,0,0,0,0,0,0,0,0,0,0,0,0,0,0,0,0,0,0,0,"Prevotella sp. AM42-24"
"Phocaeicola coprophilus",0,0,0,0,0,0,0,0,0,0,0,0,24041,0,0,0,0,0,0,0,0,0,0,0,0,0,0,0,0,0,0,0,0,0,0,0,0,"Phocaeicola coprophilus"
"Parabacteroides goldsteinii",0,0,0,0,0,0,0,0,0,0,0,0,13880,14660,0,0,0,0,0,51952,0,33063,0,0,0,0,0,1933,0,0,0,0,0,74059,0,0,0,"Parabacteroides goldsteinii"
"Megamonas hypermegale",0,0,0,0,0,0,0,0,0,0,0,0,12138,0,0,0,0,0,0,0,0,0,744,0,0,523517,0,0,0,0,0,0,0,0,0,1876,0,"Megamonas hypermegale"
"Desulfovibrionaceae bacterium",0,0,0,0,0,0,0,0,0,0,0,0,4144,0,0,0,0,0,0,0,0,0,0,0,0,0,0,0,0,0,0,0,0,0,0,0,0,"Desulfovibrionaceae bacterium"
"Limosilactobacillus reuteri",0,0,0,0,0,0,0,0,0,0,0,0,3342,0,0,0,0,0,0,0,0,0,0,0,0,0,32300,0,0,0,0,0,0,0,0,0,0,"Limosilactobacillus reuteri"
"Prevotella corporis",0,0,0,0,0,0,0,0,0,0,0,0,415,0,1022,0,0,0,0,0,0,0,0,0,0,0,0,0,0,55384,0,0,0,0,0,0,0,"Prevotella corporis"
"Enterococcus faecium",0,0,0,0,0,0,0,0,0,0,0,0,0,351038,0,0,0,0,0,0,0,0,5551,0,0,0,0,0,0,0,0,0,0,0,0,0,0,"Enterococcus faecium"
"Methanosphaera stadtmanae",0,0,0,0,0,0,0,0,0,0,0,0,0,148344,0,0,0,0,0,0,0,0,0,0,0,0,0,0,0,0,0,0,0,0,0,0,0,"Methanosphaera stadtmanae"
"[Clostridium] hylemonae",0,0,0,0,0,0,0,0,0,0,0,0,0,80966,0,0,31501,0,0,0,0,0,0,0,0,0,0,0,0,0,0,0,0,0,0,0,0,"[Clostridium] hylemonae"
"Candidatus Methanomassiliicoccus intestinalis",0,0,0,0,0,0,0,0,0,0,0,0,0,70909,0,0,0,0,0,0,0,0,0,0,0,0,0,0,0,0,0,0,0,0,0,0,0,"Candidatus Methanomassiliicoccus intestinalis"
"Sanguibacteroides justesenii",0,0,0,0,0,0,0,0,0,0,0,0,0,24040,0,0,0,0,0,0,0,0,0,0,0,0,0,0,0,0,0,0,0,0,0,0,0,"Sanguibacteroides justesenii"
"Clostridium sp. D5",0,0,0,0,0,0,0,0,0,0,0,0,0,23141,0,0,0,0,0,1308,0,0,0,0,22445,0,0,0,0,0,0,0,0,0,0,0,0,"Clostridium sp. D5"
"Cloacibacillus porcorum",0,0,0,0,0,0,0,0,0,0,0,0,0,22084,0,0,0,0,0,0,0,0,0,0,0,0,0,0,0,0,0,0,0,0,0,0,0,"Cloacibacillus porcorum"
"Lactobacillus paragasseri",0,0,0,0,0,0,0,0,0,0,0,0,0,3378,0,18559,0,0,586,0,0,0,77685,0,0,0,0,0,27630,0,48933,0,0,0,0,0,0,"Lactobacillus paragasseri"
"Lactonifactor longoviformis",0,0,0,0,0,0,0,0,0,0,0,0,0,639,5647,0,5806,0,0,0,0,0,0,0,0,0,143,0,0,0,0,0,21421,0,0,3615,0,"Lactonifactor longoviformis"
"Klebsiella pneumoniae",0,0,0,0,0,0,0,0,0,0,0,0,0,0,185433,244330,0,0,0,0,0,2825655,0,0,0,3555,0,0,0,0,0,0,0,0,0,59888,0,"Klebsiella pneumoniae"
"Klebsiella quasipneumoniae",0,0,0,0,0,0,0,0,0,0,0,0,0,0,12915,15637,0,0,0,0,0,835646,0,0,0,0,0,0,0,0,0,0,0,0,0,3478,0,"Klebsiella quasipneumoniae"
"Bifidobacterium dentium",0,0,0,0,0,0,0,0,0,0,0,0,0,0,8947,0,0,0,0,0,0,0,27578,0,0,0,2504,259,13841,0,0,0,0,0,0,0,0,"Bifidobacterium dentium"
"Clostridium perfringens",0,0,0,0,0,0,0,0,0,0,0,0,0,0,6033,0,0,0,0,0,0,0,27270,0,0,0,0,0,0,0,0,0,112881,0,0,0,0,"Clostridium perfringens"
"Finegoldia magna",0,0,0,0,0,0,0,0,0,0,0,0,0,0,2617,0,0,24872,0,0,0,0,0,0,0,0,0,0,0,1251,0,0,0,0,0,0,0,"Finegoldia magna"
"Murimonas intestini",0,0,0,0,0,0,0,0,0,0,0,0,0,0,1057,0,0,0,0,0,0,0,0,0,0,0,0,0,0,0,0,0,0,0,0,0,0,"Murimonas intestini"
"Dialister sp. CAG:357",0,0,0,0,0,0,0,0,0,0,0,0,0,0,0,977273,0,0,0,0,0,0,0,0,0,0,0,0,5537847,0,0,0,0,0,0,0,0,"Dialister sp. CAG:357"
"Anaerotruncus sp. CAG:528",0,0,0,0,0,0,0,0,0,0,0,0,0,0,0,700670,0,0,0,0,0,0,0,0,0,756487,0,0,0,0,0,0,0,0,0,0,0,"Anaerotruncus sp. CAG:528"
"Veillonella infantium",0,0,0,0,0,0,0,0,0,0,0,0,0,0,0,85874,0,0,14500,0,0,0,0,0,0,0,0,0,0,0,0,537,0,0,0,0,0,"Veillonella infantium"
"Veillonella sp. T11011-6",0,0,0,0,0,0,0,0,0,0,0,0,0,0,0,27376,0,0,4810,0,0,0,0,0,0,0,0,0,0,0,0,0,0,0,0,0,0,"Veillonella sp. T11011-6"
"Streptococcus mutans",0,0,0,0,0,0,0,0,0,0,0,0,0,0,0,8783,0,0,58056,1591,0,0,0,0,4014,0,0,0,550750,0,1718,0,0,0,0,0,0,"Streptococcus mutans"
"Veillonella tobetsuensis",0,0,0,0,0,0,0,0,0,0,0,0,0,0,0,6582,0,0,0,0,0,0,0,0,0,0,0,0,0,0,0,0,0,0,0,0,0,"Veillonella tobetsuensis"
"Streptococcus sp. F0442",0,0,0,0,0,0,0,0,0,0,0,0,0,0,0,6262,0,0,0,0,11434,0,0,0,0,0,0,0,0,0,0,0,0,0,0,0,0,"Streptococcus sp. F0442"
"Streptococcus sanguinis",0,0,0,0,0,0,0,0,0,0,0,0,0,0,0,2244,9720,12169,10318,0,9348,0,0,0,0,0,13854,0,0,0,0,0,2035,3821,0,0,0,"Streptococcus sanguinis"
"Streptococcus agalactiae",0,0,0,0,0,0,0,0,0,0,0,0,0,0,0,1932,0,0,0,0,0,0,70503,0,0,9787,0,0,0,0,0,0,0,0,0,0,0,"Streptococcus agalactiae"
"Bacteroides sp. D2",0,0,0,0,0,0,0,0,0,0,0,0,0,0,0,388,0,0,0,0,0,0,0,0,0,0,0,0,0,0,0,0,0,0,0,0,0,"Bacteroides sp. D2"
"Phocaeicola sartorii",0,0,0,0,0,0,0,0,0,0,0,0,0,0,0,0,1934527,0,0,0,0,0,0,0,0,0,0,0,0,0,0,0,0,0,0,0,0,"Phocaeicola sartorii"
"Clostridioides difficile",0,0,0,0,0,0,0,0,0,0,0,0,0,0,0,0,74487,0,0,0,0,0,0,0,0,0,32106,0,0,0,0,0,0,0,0,0,0,"Clostridioides difficile"
"Bifidobacterium pullorum",0,0,0,0,0,0,0,0,0,0,0,0,0,0,0,0,72468,0,0,0,0,0,0,0,0,0,0,0,0,0,0,0,77216,0,0,0,0,"Bifidobacterium pullorum"
"Enterococcus avium",0,0,0,0,0,0,0,0,0,0,0,0,0,0,0,0,1229,0,0,0,0,0,0,0,0,0,4077,0,0,0,0,0,0,0,0,0,0,"Enterococcus avium"
"Actinomyces sp. S6-Spd3",0,0,0,0,0,0,0,0,0,0,0,0,0,0,0,0,775,505,1079,2213,0,0,0,0,0,0,0,0,0,0,0,0,3484,0,0,0,0,"Actinomyces sp. S6-Spd3"
"Mogibacterium diversum",0,0,0,0,0,0,0,0,0,0,0,0,0,0,0,0,459,0,11760,0,0,0,0,0,0,0,0,0,0,0,0,290,4581,0,0,0,0,"Mogibacterium diversum"
"Abiotrophia sp. HMSC24B09",0,0,0,0,0,0,0,0,0,0,0,0,0,0,0,0,142,0,0,0,0,0,0,0,0,0,0,0,0,0,0,0,0,0,0,0,0,"Abiotrophia sp. HMSC24B09"
"Streptococcus pasteurianus",0,0,0,0,0,0,0,0,0,0,0,0,0,0,0,0,0,601979,0,0,0,0,0,0,0,0,0,0,0,0,0,0,0,0,0,0,0,"Streptococcus pasteurianus"
"Klebsiella michiganensis",0,0,0,0,0,0,0,0,0,0,0,0,0,0,0,0,0,11173,0,0,0,0,0,0,0,0,0,0,0,0,0,0,0,0,0,0,0,"Klebsiella michiganensis"
"Anaerococcus vaginalis",0,0,0,0,0,0,0,0,0,0,0,0,0,0,0,0,0,10608,0,0,0,0,0,0,0,0,0,0,0,4736,0,0,0,0,0,0,0,"Anaerococcus vaginalis"
"Prevotella bivia",0,0,0,0,0,0,0,0,0,0,0,0,0,0,0,0,0,8036,0,0,0,0,0,0,0,0,2205,0,0,11654,0,0,0,0,0,0,0,"Prevotella bivia"
"Peptostreptococcus sp. MV1",0,0,0,0,0,0,0,0,0,0,0,0,0,0,0,0,0,6479,0,0,0,0,0,0,0,0,0,0,0,5341,0,0,0,0,0,0,0,"Peptostreptococcus sp. MV1"
"Fusobacterium gonidiaformans",0,0,0,0,0,0,0,0,0,0,0,0,0,0,0,0,0,5302,0,0,0,0,0,0,0,0,0,0,0,0,0,0,0,0,0,0,0,"Fusobacterium gonidiaformans"
"Fannyhessea vaginae",0,0,0,0,0,0,0,0,0,0,0,0,0,0,0,0,0,3300,0,0,0,0,0,0,0,0,0,0,0,0,0,0,0,0,0,0,0,"Fannyhessea vaginae"
"Prevotella disiens",0,0,0,0,0,0,0,0,0,0,0,0,0,0,0,0,0,2998,0,0,0,0,0,0,0,0,0,0,0,0,0,0,0,0,0,0,0,"Prevotella disiens"
"Peptoniphilus harei",0,0,0,0,0,0,0,0,0,0,0,0,0,0,0,0,0,2831,0,0,0,0,0,0,0,0,0,0,0,0,0,0,0,0,0,0,0,"Peptoniphilus harei"
"Peptoniphilus lacrimalis",0,0,0,0,0,0,0,0,0,0,0,0,0,0,0,0,0,1659,0,0,0,0,0,0,0,0,0,0,0,1011,0,0,0,0,0,0,0,"Peptoniphilus lacrimalis"
"Peptoniphilus coxii",0,0,0,0,0,0,0,0,0,0,0,0,0,0,0,0,0,1576,0,0,0,0,0,0,0,0,0,0,0,0,0,0,0,0,0,0,0,"Peptoniphilus coxii"
"Streptococcus sp. SK643",0,0,0,0,0,0,0,0,0,0,0,0,0,0,0,0,0,1288,0,0,0,0,0,0,0,0,0,0,0,0,0,0,0,0,0,0,0,"Streptococcus sp. SK643"
"Lawsonella clevelandensis",0,0,0,0,0,0,0,0,0,0,0,0,0,0,0,0,0,519,0,0,0,0,0,0,0,0,0,0,0,0,0,0,0,0,0,0,0,"Lawsonella clevelandensis"
"Tissierellia bacterium KA00581",0,0,0,0,0,0,0,0,0,0,0,0,0,0,0,0,0,162,0,0,0,0,0,0,0,0,0,0,0,0,0,0,0,0,0,0,0,"Tissierellia bacterium KA00581"
"Fusobacterium periodonticum",0,0,0,0,0,0,0,0,0,0,0,0,0,0,0,0,0,0,20207,0,0,0,0,0,0,0,0,0,0,0,0,0,0,0,0,0,0,"Fusobacterium periodonticum"
"Haemophilus sputorum",0,0,0,0,0,0,0,0,0,0,0,0,0,0,0,0,0,0,16001,0,0,0,0,0,0,0,0,0,0,0,0,0,0,0,0,0,0,"Haemophilus sputorum"
"Oribacterium sinus",0,0,0,0,0,0,0,0,0,0,0,0,0,0,0,0,0,0,6815,0,0,0,501,0,0,0,0,0,0,0,0,8122,0,0,0,0,0,"Oribacterium sinus"
"Lancefieldella parvula",0,0,0,0,0,0,0,0,0,0,0,0,0,0,0,0,0,0,6073,0,0,0,501,0,0,0,0,1618,0,0,0,0,0,0,0,0,0,"Lancefieldella parvula"
"Bifidobacterium breve",0,0,0,0,0,0,0,0,0,0,0,0,0,0,0,0,0,0,3922,0,0,0,0,0,0,0,174284,0,0,0,0,0,0,0,0,0,0,"Bifidobacterium breve"
"Stomatobaculum longum",0,0,0,0,0,0,0,0,0,0,0,0,0,0,0,0,0,0,2648,0,0,0,0,0,0,0,0,0,0,0,0,0,0,0,0,0,0,"Stomatobaculum longum"
"Streptococcus sp. A12",0,0,0,0,0,0,0,0,0,0,0,0,0,0,0,0,0,0,1906,0,3805,0,0,0,0,0,0,0,0,0,0,0,3040,0,0,0,0,"Streptococcus sp. A12"
"Staphylococcus aureus",0,0,0,0,0,0,0,0,0,0,0,0,0,0,0,0,0,0,1601,0,5032,0,0,0,0,0,0,0,0,0,0,0,0,0,0,0,0,"Staphylococcus aureus"
"Veillonella rogosae",0,0,0,0,0,0,0,0,0,0,0,0,0,0,0,0,0,0,1012,0,0,0,0,0,0,0,0,0,0,0,0,0,0,0,0,0,0,"Veillonella rogosae"
"Lancefieldella rimae",0,0,0,0,0,0,0,0,0,0,0,0,0,0,0,0,0,0,650,0,0,0,0,0,0,0,0,0,0,0,0,2347,0,0,0,0,0,"Lancefieldella rimae"
"Abiotrophia defectiva",0,0,0,0,0,0,0,0,0,0,0,0,0,0,0,0,0,0,568,0,0,0,0,0,0,0,0,0,0,0,0,0,0,0,0,0,0,"Abiotrophia defectiva"
"[Eubacterium] brachy",0,0,0,0,0,0,0,0,0,0,0,0,0,0,0,0,0,0,419,0,0,0,9295,0,0,298,0,0,0,0,0,0,0,0,0,0,0,"[Eubacterium] brachy"
"Eubacteriaceae bacterium CHKCI005",0,0,0,0,0,0,0,0,0,0,0,0,0,0,0,0,0,0,0,193359,0,0,0,0,0,0,0,0,0,0,0,0,0,0,0,0,0,"Eubacteriaceae bacterium CHKCI005"
"Actinomyces naeslundii",0,0,0,0,0,0,0,0,0,0,0,0,0,0,0,0,0,0,0,1042,0,0,0,0,0,0,211,0,0,0,0,0,0,0,0,0,0,"Actinomyces naeslundii"
"Fretibacterium fastidiosum",0,0,0,0,0,0,0,0,0,0,0,0,0,0,0,0,0,0,0,669,0,0,0,0,0,0,0,0,0,0,0,0,0,0,0,0,0,"Fretibacterium fastidiosum"
"Ligilactobacillus animalis",0,0,0,0,0,0,0,0,0,0,0,0,0,0,0,0,0,0,0,0,5385981,0,0,0,0,0,0,0,31485,0,0,0,0,0,0,0,0,"Ligilactobacillus animalis"
"Peptacetobacter hiranonis",0,0,0,0,0,0,0,0,0,0,0,0,0,0,0,0,0,0,0,0,13019,107175,0,0,0,0,0,0,0,0,0,0,0,0,0,0,0,"Peptacetobacter hiranonis"
"Streptococcus pyogenes",0,0,0,0,0,0,0,0,0,0,0,0,0,0,0,0,0,0,0,0,11544,0,0,0,0,0,0,0,0,0,0,0,0,0,0,0,0,"Streptococcus pyogenes"
"Actinomyces sp. oral taxon 170",0,0,0,0,0,0,0,0,0,0,0,0,0,0,0,0,0,0,0,0,4039,0,0,0,0,0,0,0,0,0,0,0,0,0,0,0,0,"Actinomyces sp. oral taxon 170"
"Streptococcus sp. HMSC070B10",0,0,0,0,0,0,0,0,0,0,0,0,0,0,0,0,0,0,0,0,2077,0,0,0,0,0,0,0,0,0,633,0,0,0,0,0,0,"Streptococcus sp. HMSC070B10"
"Chlamydia ibidis",0,0,0,0,0,0,0,0,0,0,0,0,0,0,0,0,0,0,0,0,1174,0,0,0,0,0,0,0,0,0,0,0,0,0,0,0,0,"Chlamydia ibidis"
"Citrobacter youngae",0,0,0,0,0,0,0,0,0,0,0,0,0,0,0,0,0,0,0,0,0,1193666,0,0,0,0,0,0,0,0,0,0,0,0,0,0,0,"Citrobacter youngae"
"Citrobacter portucalensis",0,0,0,0,0,0,0,0,0,0,0,0,0,0,0,0,0,0,0,0,0,1041036,0,0,0,0,0,0,0,0,0,0,0,0,0,0,0,"Citrobacter portucalensis"
"Fusobacterium mortiferum",0,0,0,0,0,0,0,0,0,0,0,0,0,0,0,0,0,0,0,0,0,325422,0,0,0,38314,0,0,0,0,0,0,0,0,0,0,0,"Fusobacterium mortiferum"
"Enterococcus faecalis",0,0,0,0,0,0,0,0,0,0,0,0,0,0,0,0,0,0,0,0,0,17686,0,0,0,0,0,0,1713,0,0,0,0,0,0,0,0,"Enterococcus faecalis"
"Limosilactobacillus oris",0,0,0,0,0,0,0,0,0,0,0,0,0,0,0,0,0,0,0,0,0,0,51021,0,0,0,0,0,0,0,20437,0,0,0,0,0,0,"Limosilactobacillus oris"
"Dialister pneumosintes",0,0,0,0,0,0,0,0,0,0,0,0,0,0,0,0,0,0,0,0,0,0,35684,0,0,0,0,0,0,0,3376,0,0,0,0,0,0,"Dialister pneumosintes"
"Clostridium sp. CAG:253",0,0,0,0,0,0,0,0,0,0,0,0,0,0,0,0,0,0,0,0,0,0,25639,0,0,0,0,0,0,0,0,0,0,0,0,0,0,"Clostridium sp. CAG:253"
"Limosilactobacillus vaginalis",0,0,0,0,0,0,0,0,0,0,0,0,0,0,0,0,0,0,0,0,0,0,20070,0,0,0,0,0,0,0,0,0,0,0,0,0,0,"Limosilactobacillus vaginalis"
"Lactobacillus gasseri",0,0,0,0,0,0,0,0,0,0,0,0,0,0,0,0,0,0,0,0,0,0,8004,0,0,0,0,0,2164,0,9561,0,0,0,0,0,0,"Lactobacillus gasseri"
"Lactobacillus ultunensis",0,0,0,0,0,0,0,0,0,0,0,0,0,0,0,0,0,0,0,0,0,0,6819,0,0,0,0,0,0,0,0,0,0,0,0,0,0,"Lactobacillus ultunensis"
"Parascardovia denticolens",0,0,0,0,0,0,0,0,0,0,0,0,0,0,0,0,0,0,0,0,0,0,3143,0,0,0,0,0,0,0,0,0,0,0,0,0,0,"Parascardovia denticolens"
"Limosilactobacillus antri",0,0,0,0,0,0,0,0,0,0,0,0,0,0,0,0,0,0,0,0,0,0,2132,0,0,0,0,0,0,0,0,0,0,0,0,0,0,"Limosilactobacillus antri"
"Scardovia inopinata",0,0,0,0,0,0,0,0,0,0,0,0,0,0,0,0,0,0,0,0,0,0,1815,0,0,0,0,0,0,0,0,0,0,0,0,0,0,"Scardovia inopinata"
"Weissella confusa",0,0,0,0,0,0,0,0,0,0,0,0,0,0,0,0,0,0,0,0,0,0,0,6097,0,0,0,0,0,0,0,0,0,0,0,0,0,"Weissella confusa"
"Scardovia wiggsiae",0,0,0,0,0,0,0,0,0,0,0,0,0,0,0,0,0,0,0,0,0,0,0,0,9621,0,0,174,0,0,0,0,0,0,0,0,0,"Scardovia wiggsiae"
"Propionibacterium acidifaciens",0,0,0,0,0,0,0,0,0,0,0,0,0,0,0,0,0,0,0,0,0,0,0,0,1776,0,0,0,0,0,0,0,0,0,0,0,0,"Propionibacterium acidifaciens"
"Megasphaera sp. DISK 18",0,0,0,0,0,0,0,0,0,0,0,0,0,0,0,0,0,0,0,0,0,0,0,0,0,1605450,0,0,0,0,0,12237,0,0,0,0,0,"Megasphaera sp. DISK 18"
"Megasphaera micronuciformis",0,0,0,0,0,0,0,0,0,0,0,0,0,0,0,0,0,0,0,0,0,0,0,0,0,0,31326,0,0,0,0,0,0,0,0,0,0,"Megasphaera micronuciformis"
"Enterococcus hirae",0,0,0,0,0,0,0,0,0,0,0,0,0,0,0,0,0,0,0,0,0,0,0,0,0,0,7922,0,0,0,0,0,0,0,0,0,0,"Enterococcus hirae"
"Megasphaera elsdenii",0,0,0,0,0,0,0,0,0,0,0,0,0,0,0,0,0,0,0,0,0,0,0,0,0,0,0,265973,0,0,0,0,0,0,0,0,15960,"Megasphaera elsdenii"
"Streptococcus sobrinus",0,0,0,0,0,0,0,0,0,0,0,0,0,0,0,0,0,0,0,0,0,0,0,0,0,0,0,35006,0,0,0,0,0,0,0,0,0,"Streptococcus sobrinus"
"Clostridium disporicum",0,0,0,0,0,0,0,0,0,0,0,0,0,0,0,0,0,0,0,0,0,0,0,0,0,0,0,10652,0,0,0,0,0,1516,0,0,0,"Clostridium disporicum"
"Rothia dentocariosa",0,0,0,0,0,0,0,0,0,0,0,0,0,0,0,0,0,0,0,0,0,0,0,0,0,0,0,914,0,0,1320,0,0,0,0,0,0,"Rothia dentocariosa"
"Ruminococcus sp. CAG:488",0,0,0,0,0,0,0,0,0,0,0,0,0,0,0,0,0,0,0,0,0,0,0,0,0,0,0,0,369656,0,0,0,0,0,0,0,0,"Ruminococcus sp. CAG:488"
"Clostridium sp. CAG:242",0,0,0,0,0,0,0,0,0,0,0,0,0,0,0,0,0,0,0,0,0,0,0,0,0,0,0,0,9802,0,0,0,0,0,0,0,0,"Clostridium sp. CAG:242"
"Ruminococcus obeum CAG:39",0,0,0,0,0,0,0,0,0,0,0,0,0,0,0,0,0,0,0,0,0,0,0,0,0,0,0,0,5246,0,0,0,0,0,0,0,0,"Ruminococcus obeum CAG:39"
"Pseudoflavonifractor sp. An184",0,0,0,0,0,0,0,0,0,0,0,0,0,0,0,0,0,0,0,0,0,0,0,0,0,0,0,0,4384,0,23035,0,0,0,1377,0,0,"Pseudoflavonifractor sp. An184"
"Aeriscardovia aeriphila",0,0,0,0,0,0,0,0,0,0,0,0,0,0,0,0,0,0,0,0,0,0,0,0,0,0,0,0,1706,0,1875,0,0,0,0,811,0,"Aeriscardovia aeriphila"
"Ruminococcus sp. CAG:563",0,0,0,0,0,0,0,0,0,0,0,0,0,0,0,0,0,0,0,0,0,0,0,0,0,0,0,0,1321,0,0,0,0,0,0,0,0,"Ruminococcus sp. CAG:563"
"Lachnospiraceae bacterium oral taxon 096",0,0,0,0,0,0,0,0,0,0,0,0,0,0,0,0,0,0,0,0,0,0,0,0,0,0,0,0,0,0,0,9739,0,0,0,0,0,"Lachnospiraceae bacterium oral taxon 096"
"Saccharomyces cerevisiae",0,0,0,0,0,0,0,0,0,0,0,0,0,0,0,0,0,0,0,0,0,0,0,0,0,0,0,0,0,0,0,8079,0,0,0,0,0,"Saccharomyces cerevisiae"
"Fusobacterium varium",0,0,0,0,0,0,0,0,0,0,0,0,0,0,0,0,0,0,0,0,0,0,0,0,0,0,0,0,0,0,0,5796,0,0,0,0,0,"Fusobacterium varium"
"Faecalicatena orotica",0,0,0,0,0,0,0,0,0,0,0,0,0,0,0,0,0,0,0,0,0,0,0,0,0,0,0,0,0,0,0,1096,0,0,0,0,0,"Faecalicatena orotica"
"Lactobacillus iners",0,0,0,0,0,0,0,0,0,0,0,0,0,0,0,0,0,0,0,0,0,0,0,0,0,0,0,0,0,0,0,0,91361,0,0,0,0,"Lactobacillus iners"
"Klebsiella aerogenes",0,0,0,0,0,0,0,0,0,0,0,0,0,0,0,0,0,0,0,0,0,0,0,0,0,0,0,0,0,0,0,0,90048,0,0,0,0,"Klebsiella aerogenes"
"Paeniclostridium sordellii",0,0,0,0,0,0,0,0,0,0,0,0,0,0,0,0,0,0,0,0,0,0,0,0,0,0,0,0,0,0,0,0,16648,0,0,0,0,"Paeniclostridium sordellii"
"Citrobacter amalonaticus",0,0,0,0,0,0,0,0,0,0,0,0,0,0,0,0,0,0,0,0,0,0,0,0,0,0,0,0,0,0,0,0,5179,0,0,0,0,"Citrobacter amalonaticus"
"Dellaglioa algida",0,0,0,0,0,0,0,0,0,0,0,0,0,0,0,0,0,0,0,0,0,0,0,0,0,0,0,0,0,0,0,0,0,5566,0,0,0,"Dellaglioa algida"
"Leuconostoc mesenteroides",0,0,0,0,0,0,0,0,0,0,0,0,0,0,0,0,0,0,0,0,0,0,0,0,0,0,0,0,0,0,0,0,0,397,0,0,0,"Leuconostoc mesenteroides"
"Cutibacterium acnes",0,0,0,0,0,0,0,0,0,0,0,0,0,0,0,0,0,0,0,0,0,0,0,0,0,0,0,0,0,0,0,0,0,0,0,0,46492,"Cutibacterium acnes"
"Staphylococcus capitis",0,0,0,0,0,0,0,0,0,0,0,0,0,0,0,0,0,0,0,0,0,0,0,0,0,0,0,0,0,0,0,0,0,0,0,0,1019,"Staphylococcus capitis"
"Malassezia restricta",0,0,0,0,0,0,0,0,0,0,0,0,0,0,0,0,0,0,0,0,0,0,0,0,0,0,0,0,0,0,0,0,0,0,0,0,239,"Malassezia restricta"
